[{"model": "auth.group", "pk": 1, "fields": {"name": "Moderators", "permissions": [4, 5, 6, 7, 1, 2, 3]}}, {"model": "auth.group", "pk": 2, "fields": {"name": "Editors", "permissions": [4, 5, 6, 7, 1, 2, 3]}}, {"model": "auth.user", "pk": 1, "fields": {"password": "pbkdf2_sha256$100000$s5f4bjclV6EJ$y9Mzo1xGo05srh/+/deez9ffO63JarmYEMcpbJt3mCM=", "last_login": "2019-01-03T01:39:06.726Z", "is_superuser": true, "username": "fhall21", "first_name": "", "last_name": "", "email": "felix.p.hall@gmai.com", "is_staff": true, "is_active": true, "date_joined": "2019-01-03T01:24:25.188Z", "groups": [], "user_permissions": []}}, {"model": "sessions.session", "pk": "yqkghrh46y3yuhke0r3b4p71wpixtgql", "fields": {"session_data": "OTU3OWZmZGQ3OGM4YWM3YmY3OTk4MTVjNDAxY2FkMDViNTY3MDAwMDp7Il9hdXRoX3VzZXJfaWQiOiIxIiwiX2F1dGhfdXNlcl9iYWNrZW5kIjoiZGphbmdvLmNvbnRyaWIuYXV0aC5iYWNrZW5kcy5Nb2RlbEJhY2tlbmQiLCJfYXV0aF91c2VyX2hhc2giOiJiMzU1NWEwNTg3YzQ5NGY1NTA1NTg1NjQ1Yjk5NTBhNDQ3NWRjNTAyIn0=", "expire_date": "2019-01-17T01:39:06.742Z"}}, {"model": "wagtailimages.image", "pk": 1, "fields": {"collection": 1, "title": "Felix Hall profile", "file": "original_images/image1.png", "width": 1353, "height": 1349, "created_at": "2019-01-03T01:42:59.919Z", "uploaded_by_user": 1, "focal_point_x": null, "focal_point_y": null, "focal_point_width": null, "focal_point_height": null, "file_size": null}}, {"model": "wagtailimages.image", "pk": 2, "fields": {"collection": 1, "title": "SORB display", "file": "original_images/sorb_4G1L413.png", "width": 3174, "height": 1872, "created_at": "2019-01-03T02:27:08.749Z", "uploaded_by_user": 1, "focal_point_x": null, "focal_point_y": null, "focal_point_width": null, "focal_point_height": null, "file_size": 1437876}}, {"model": "wagtailimages.image", "pk": 3, "fields": {"collection": 1, "title": "angular_logo.png", "file": "original_images/angular_logo.png", "width": 482, "height": 512, "created_at": "2019-01-03T03:58:24.554Z", "uploaded_by_user": 1, "focal_point_x": null, "focal_point_y": null, "focal_point_width": null, "focal_point_height": null, "file_size": null}}, {"model": "wagtailimages.image", "pk": 4, "fields": {"collection": 1, "title": "bootstrap-logo-png.png", "file": "original_images/bootstrap-logo-png.png", "width": 250, "height": 156, "created_at": "2019-01-03T03:59:15.975Z", "uploaded_by_user": 1, "focal_point_x": null, "focal_point_y": null, "focal_point_width": null, "focal_point_height": null, "file_size": null}}, {"model": "wagtailimages.image", "pk": 5, "fields": {"collection": 1, "title": "django_rest_framework.png", "file": "original_images/django_rest_framework.png", "width": 600, "height": 265, "created_at": "2019-01-03T04:00:43.042Z", "uploaded_by_user": 1, "focal_point_x": null, "focal_point_y": null, "focal_point_width": null, "focal_point_height": null, "file_size": 41532}}, {"model": "wagtailimages.image", "pk": 6, "fields": {"collection": 1, "title": "django-logo-negative.png", "file": "original_images/django-logo-negative.png", "width": 1200, "height": 546, "created_at": "2019-01-03T04:01:02.620Z", "uploaded_by_user": 1, "focal_point_x": null, "focal_point_y": null, "focal_point_width": null, "focal_point_height": null, "file_size": 15390}}, {"model": "wagtailimages.image", "pk": 7, "fields": {"collection": 1, "title": "html-css-js-logos.png", "file": "original_images/html-css-js-logos.png", "width": 245, "height": 162, "created_at": "2019-01-03T04:03:57.542Z", "uploaded_by_user": 1, "focal_point_x": null, "focal_point_y": null, "focal_point_width": null, "focal_point_height": null, "file_size": null}}, {"model": "wagtailimages.image", "pk": 8, "fields": {"collection": 1, "title": "jquerylogo320.png", "file": "original_images/jquerylogo320.png", "width": 300, "height": 300, "created_at": "2019-01-03T04:04:48.786Z", "uploaded_by_user": 1, "focal_point_x": null, "focal_point_y": null, "focal_point_width": null, "focal_point_height": null, "file_size": null}}, {"model": "wagtailimages.image", "pk": 9, "fields": {"collection": 1, "title": "postregresql.png", "file": "original_images/postregresql.png", "width": 496, "height": 512, "created_at": "2019-01-03T04:05:53.336Z", "uploaded_by_user": 1, "focal_point_x": null, "focal_point_y": null, "focal_point_width": null, "focal_point_height": null, "file_size": null}}, {"model": "wagtailimages.image", "pk": 10, "fields": {"collection": 1, "title": "python.png", "file": "original_images/python.png", "width": 514, "height": 512, "created_at": "2019-01-03T04:07:11.133Z", "uploaded_by_user": 1, "focal_point_x": null, "focal_point_y": null, "focal_point_width": null, "focal_point_height": null, "file_size": null}}, {"model": "wagtailimages.image", "pk": 11, "fields": {"collection": 1, "title": "wagtail_logo.png", "file": "original_images/wagtail_logo.png", "width": 415, "height": 512, "created_at": "2019-01-03T04:08:02.997Z", "uploaded_by_user": 1, "focal_point_x": null, "focal_point_y": null, "focal_point_width": null, "focal_point_height": null, "file_size": null}}, {"model": "wagtailimages.image", "pk": 12, "fields": {"collection": 1, "title": "ftc.png", "file": "original_images/ftc.png", "width": 3465, "height": 2023, "created_at": "2019-01-03T05:49:45.675Z", "uploaded_by_user": 1, "focal_point_x": null, "focal_point_y": null, "focal_point_width": null, "focal_point_height": null, "file_size": null}}, {"model": "wagtailimages.image", "pk": 13, "fields": {"collection": 1, "title": "Testimonial.png", "file": "original_images/Testimonials.png", "width": 3174, "height": 1872, "created_at": "2019-01-03T06:09:22.413Z", "uploaded_by_user": 1, "focal_point_x": null, "focal_point_y": null, "focal_point_width": null, "focal_point_height": null, "file_size": 465665}}, {"model": "wagtailimages.rendition", "pk": 1, "fields": {"filter_spec": "max-165x165", "file": "images/image1.max-165x165.png", "width": 165, "height": 164, "focal_point_key": "", "image": 1}}, {"model": "wagtailimages.rendition", "pk": 3, "fields": {"filter_spec": "original", "file": "images/image1.original.png", "width": 1353, "height": 1349, "focal_point_key": "", "image": 1}}, {"model": "wagtailimages.rendition", "pk": 5, "fields": {"filter_spec": "max-165x165", "file": "images/angular_logo.max-165x165.png", "width": 155, "height": 165, "focal_point_key": "", "image": 3}}, {"model": "wagtailimages.rendition", "pk": 6, "fields": {"filter_spec": "max-165x165", "file": "images/bootstrap-logo-png.max-165x165.png", "width": 165, "height": 102, "focal_point_key": "", "image": 4}}, {"model": "wagtailimages.rendition", "pk": 7, "fields": {"filter_spec": "max-165x165", "file": "images/django_rest_framework.max-165x165.png", "width": 165, "height": 72, "focal_point_key": "", "image": 5}}, {"model": "wagtailimages.rendition", "pk": 8, "fields": {"filter_spec": "max-165x165", "file": "images/django-logo-negative.max-165x165.png", "width": 165, "height": 75, "focal_point_key": "", "image": 6}}, {"model": "wagtailimages.rendition", "pk": 9, "fields": {"filter_spec": "original", "file": "images/django_rest_framework.original.png", "width": 600, "height": 265, "focal_point_key": "", "image": 5}}, {"model": "wagtailimages.rendition", "pk": 10, "fields": {"filter_spec": "max-800x600", "file": "images/django_rest_framework.max-800x600.png", "width": 600, "height": 265, "focal_point_key": "", "image": 5}}, {"model": "wagtailimages.rendition", "pk": 11, "fields": {"filter_spec": "original", "file": "images/django-logo-negative.original.png", "width": 1200, "height": 546, "focal_point_key": "", "image": 6}}, {"model": "wagtailimages.rendition", "pk": 12, "fields": {"filter_spec": "max-800x600", "file": "images/django-logo-negative.max-800x600.png", "width": 800, "height": 364, "focal_point_key": "", "image": 6}}, {"model": "wagtailimages.rendition", "pk": 13, "fields": {"filter_spec": "max-165x165", "file": "images/html-css-js-logos.max-165x165.png", "width": 165, "height": 109, "focal_point_key": "", "image": 7}}, {"model": "wagtailimages.rendition", "pk": 14, "fields": {"filter_spec": "max-165x165", "file": "images/jquerylogo320.max-165x165.png", "width": 165, "height": 165, "focal_point_key": "", "image": 8}}, {"model": "wagtailimages.rendition", "pk": 15, "fields": {"filter_spec": "max-165x165", "file": "images/postregresql.max-165x165.png", "width": 159, "height": 165, "focal_point_key": "", "image": 9}}, {"model": "wagtailimages.rendition", "pk": 16, "fields": {"filter_spec": "max-165x165", "file": "images/python.max-165x165.png", "width": 165, "height": 164, "focal_point_key": "", "image": 10}}, {"model": "wagtailimages.rendition", "pk": 17, "fields": {"filter_spec": "max-165x165", "file": "images/wagtail_logo.max-165x165.png", "width": 133, "height": 165, "focal_point_key": "", "image": 11}}, {"model": "wagtailimages.rendition", "pk": 18, "fields": {"filter_spec": "width-900", "file": "images/angular_logo.width-900.png", "width": 482, "height": 512, "focal_point_key": "", "image": 3}}, {"model": "wagtailimages.rendition", "pk": 19, "fields": {"filter_spec": "width-900", "file": "images/bootstrap-logo-png.width-900.png", "width": 250, "height": 156, "focal_point_key": "", "image": 4}}, {"model": "wagtailimages.rendition", "pk": 20, "fields": {"filter_spec": "width-900", "file": "images/django_rest_framework.width-900.png", "width": 600, "height": 265, "focal_point_key": "", "image": 5}}, {"model": "wagtailimages.rendition", "pk": 21, "fields": {"filter_spec": "width-900", "file": "images/django-logo-negative.width-900.png", "width": 900, "height": 409, "focal_point_key": "", "image": 6}}, {"model": "wagtailimages.rendition", "pk": 22, "fields": {"filter_spec": "width-900", "file": "images/html-css-js-logos.width-900.png", "width": 245, "height": 162, "focal_point_key": "", "image": 7}}, {"model": "wagtailimages.rendition", "pk": 23, "fields": {"filter_spec": "width-900", "file": "images/jquerylogo320.width-900.png", "width": 300, "height": 300, "focal_point_key": "", "image": 8}}, {"model": "wagtailimages.rendition", "pk": 24, "fields": {"filter_spec": "width-900", "file": "images/postregresql.width-900.png", "width": 496, "height": 512, "focal_point_key": "", "image": 9}}, {"model": "wagtailimages.rendition", "pk": 25, "fields": {"filter_spec": "width-900", "file": "images/python.width-900.png", "width": 514, "height": 512, "focal_point_key": "", "image": 10}}, {"model": "wagtailimages.rendition", "pk": 26, "fields": {"filter_spec": "width-900", "file": "images/wagtail_logo.width-900.png", "width": 415, "height": 512, "focal_point_key": "", "image": 11}}, {"model": "wagtailimages.rendition", "pk": 27, "fields": {"filter_spec": "width-200", "file": "images/angular_logo.width-200.png", "width": 200, "height": 212, "focal_point_key": "", "image": 3}}, {"model": "wagtailimages.rendition", "pk": 28, "fields": {"filter_spec": "width-200", "file": "images/bootstrap-logo-png.width-200.png", "width": 200, "height": 124, "focal_point_key": "", "image": 4}}, {"model": "wagtailimages.rendition", "pk": 29, "fields": {"filter_spec": "width-200", "file": "images/django_rest_framework.width-200.png", "width": 200, "height": 88, "focal_point_key": "", "image": 5}}, {"model": "wagtailimages.rendition", "pk": 30, "fields": {"filter_spec": "width-200", "file": "images/django-logo-negative.width-200.png", "width": 200, "height": 91, "focal_point_key": "", "image": 6}}, {"model": "wagtailimages.rendition", "pk": 31, "fields": {"filter_spec": "width-200", "file": "images/html-css-js-logos.width-200.png", "width": 200, "height": 132, "focal_point_key": "", "image": 7}}, {"model": "wagtailimages.rendition", "pk": 32, "fields": {"filter_spec": "width-200", "file": "images/jquerylogo320.width-200.png", "width": 200, "height": 200, "focal_point_key": "", "image": 8}}, {"model": "wagtailimages.rendition", "pk": 33, "fields": {"filter_spec": "width-200", "file": "images/postregresql.width-200.png", "width": 200, "height": 206, "focal_point_key": "", "image": 9}}, {"model": "wagtailimages.rendition", "pk": 34, "fields": {"filter_spec": "width-200", "file": "images/python.width-200.png", "width": 200, "height": 199, "focal_point_key": "", "image": 10}}, {"model": "wagtailimages.rendition", "pk": 35, "fields": {"filter_spec": "width-200", "file": "images/wagtail_logo.width-200.png", "width": 200, "height": 246, "focal_point_key": "", "image": 11}}, {"model": "wagtailimages.rendition", "pk": 36, "fields": {"filter_spec": "width-100", "file": "images/angular_logo.width-100.png", "width": 100, "height": 106, "focal_point_key": "", "image": 3}}, {"model": "wagtailimages.rendition", "pk": 37, "fields": {"filter_spec": "width-100", "file": "images/bootstrap-logo-png.width-100.png", "width": 100, "height": 62, "focal_point_key": "", "image": 4}}, {"model": "wagtailimages.rendition", "pk": 38, "fields": {"filter_spec": "width-100", "file": "images/django_rest_framework.width-100.png", "width": 100, "height": 44, "focal_point_key": "", "image": 5}}, {"model": "wagtailimages.rendition", "pk": 39, "fields": {"filter_spec": "width-100", "file": "images/django-logo-negative.width-100.png", "width": 100, "height": 45, "focal_point_key": "", "image": 6}}, {"model": "wagtailimages.rendition", "pk": 40, "fields": {"filter_spec": "width-100", "file": "images/html-css-js-logos.width-100.png", "width": 100, "height": 66, "focal_point_key": "", "image": 7}}, {"model": "wagtailimages.rendition", "pk": 41, "fields": {"filter_spec": "width-100", "file": "images/jquerylogo320.width-100.png", "width": 100, "height": 100, "focal_point_key": "", "image": 8}}, {"model": "wagtailimages.rendition", "pk": 42, "fields": {"filter_spec": "width-100", "file": "images/postregresql.width-100.png", "width": 100, "height": 103, "focal_point_key": "", "image": 9}}, {"model": "wagtailimages.rendition", "pk": 43, "fields": {"filter_spec": "width-100", "file": "images/python.width-100.png", "width": 100, "height": 99, "focal_point_key": "", "image": 10}}, {"model": "wagtailimages.rendition", "pk": 44, "fields": {"filter_spec": "width-100", "file": "images/wagtail_logo.width-100.png", "width": 100, "height": 123, "focal_point_key": "", "image": 11}}, {"model": "wagtailimages.rendition", "pk": 47, "fields": {"filter_spec": "max-165x165", "file": "images/sorb_4G1L413.max-165x165.png", "width": 165, "height": 97, "focal_point_key": "", "image": 2}}, {"model": "wagtailimages.rendition", "pk": 48, "fields": {"filter_spec": "max-165x165", "file": "images/ftc.max-165x165.png", "width": 165, "height": 96, "focal_point_key": "", "image": 12}}, {"model": "wagtailimages.rendition", "pk": 49, "fields": {"filter_spec": "max-800x600", "file": "images/wagtail_logo.max-800x600.png", "width": 415, "height": 512, "focal_point_key": "", "image": 11}}, {"model": "wagtailimages.rendition", "pk": 50, "fields": {"filter_spec": "width-500", "file": "images/wagtail_logo.width-500.png", "width": 415, "height": 512, "focal_point_key": "", "image": 11}}, {"model": "wagtailimages.rendition", "pk": 51, "fields": {"filter_spec": "width-900", "file": "images/sorb_4G1L413.width-900.png", "width": 900, "height": 530, "focal_point_key": "", "image": 2}}, {"model": "wagtailimages.rendition", "pk": 52, "fields": {"filter_spec": "width-900", "file": "images/ftc.width-900.png", "width": 900, "height": 525, "focal_point_key": "", "image": 12}}, {"model": "wagtailimages.rendition", "pk": 57, "fields": {"filter_spec": "max-165x165", "file": "images/Testimonials.max-165x165.png", "width": 165, "height": 97, "focal_point_key": "", "image": 13}}, {"model": "wagtailimages.rendition", "pk": 58, "fields": {"filter_spec": "width-900", "file": "images/Testimonials.width-900.png", "width": 900, "height": 530, "focal_point_key": "", "image": 13}}, {"model": "taggit.tag", "pk": 1, "fields": {"name": "felix", "slug": "felix"}}, {"model": "taggit.tag", "pk": 2, "fields": {"name": "freelancer", "slug": "freelancer"}}, {"model": "taggit.tag", "pk": 3, "fields": {"name": "django-developer", "slug": "django-developer"}}, {"model": "taggit.tag", "pk": 4, "fields": {"name": "Felix Hall", "slug": "felix-hall"}}, {"model": "taggit.tag", "pk": 5, "fields": {"name": "brisbane developer", "slug": "brisbane-developer"}}, {"model": "taggit.tag", "pk": 6, "fields": {"name": "django app display", "slug": "django-app-display"}}, {"model": "taggit.tag", "pk": 7, "fields": {"name": "portfolio", "slug": "portfolio"}}, {"model": "taggit.tag", "pk": 8, "fields": {"name": "django app", "slug": "django-app"}}, {"model": "taggit.tag", "pk": 9, "fields": {"name": "sorb", "slug": "sorb"}}, {"model": "taggit.tag", "pk": 10, "fields": {"name": "portfolio item", "slug": "portfolio-item"}}, {"model": "taggit.tag", "pk": 11, "fields": {"name": "web development", "slug": "web-development"}}, {"model": "taggit.tag", "pk": 12, "fields": {"name": "angular", "slug": "angular"}}, {"model": "taggit.tag", "pk": 13, "fields": {"name": "front end development", "slug": "front-end-development"}}, {"model": "taggit.tag", "pk": 14, "fields": {"name": "front end", "slug": "front-end"}}, {"model": "taggit.tag", "pk": 15, "fields": {"name": "css", "slug": "css"}}, {"model": "taggit.tag", "pk": 16, "fields": {"name": "bootstrap", "slug": "bootstrap"}}, {"model": "taggit.tag", "pk": 17, "fields": {"name": "django", "slug": "django"}}, {"model": "taggit.tag", "pk": 18, "fields": {"name": "fullstack", "slug": "fullstack"}}, {"model": "taggit.tag", "pk": 19, "fields": {"name": "fullstack developer", "slug": "fullstack-developer"}}, {"model": "taggit.tag", "pk": 20, "fields": {"name": "django developer", "slug": "django-developer_1"}}, {"model": "taggit.tag", "pk": 21, "fields": {"name": "rest api", "slug": "rest-api"}}, {"model": "taggit.tag", "pk": 22, "fields": {"name": "fullstack development", "slug": "fullstack-development"}}, {"model": "taggit.tag", "pk": 23, "fields": {"name": "django development", "slug": "django-development"}}, {"model": "taggit.tag", "pk": 24, "fields": {"name": "django api", "slug": "django-api"}}, {"model": "taggit.tag", "pk": 25, "fields": {"name": "django rest api", "slug": "django-rest-api"}}, {"model": "taggit.tag", "pk": 26, "fields": {"name": "django rest framework", "slug": "django-rest-framework"}}, {"model": "taggit.tag", "pk": 27, "fields": {"name": "web developer", "slug": "web-developer"}}, {"model": "taggit.tag", "pk": 28, "fields": {"name": "backend", "slug": "backend"}}, {"model": "taggit.tag", "pk": 29, "fields": {"name": "django web app developer", "slug": "django-web-app-developer"}}, {"model": "taggit.tag", "pk": 30, "fields": {"name": "back-end", "slug": "back-end"}}, {"model": "taggit.tag", "pk": 31, "fields": {"name": "front end developer", "slug": "front-end-developer"}}, {"model": "taggit.tag", "pk": 32, "fields": {"name": "front-end", "slug": "front-end_1"}}, {"model": "taggit.tag", "pk": 33, "fields": {"name": "js", "slug": "js"}}, {"model": "taggit.tag", "pk": 34, "fields": {"name": "JavaScript", "slug": "javascript"}}, {"model": "taggit.tag", "pk": 35, "fields": {"name": "HTML", "slug": "html"}}, {"model": "taggit.tag", "pk": 36, "fields": {"name": "frontend", "slug": "frontend"}}, {"model": "taggit.tag", "pk": 37, "fields": {"name": "logo", "slug": "logo"}}, {"model": "taggit.tag", "pk": 38, "fields": {"name": "JQuery", "slug": "jquery"}}, {"model": "taggit.tag", "pk": 39, "fields": {"name": "database", "slug": "database"}}, {"model": "taggit.tag", "pk": 40, "fields": {"name": "postgresql", "slug": "postgresql"}}, {"model": "taggit.tag", "pk": 41, "fields": {"name": "SQl", "slug": "sql"}}, {"model": "taggit.tag", "pk": 42, "fields": {"name": "python", "slug": "python"}}, {"model": "taggit.tag", "pk": 43, "fields": {"name": "powerful programming language", "slug": "powerful-programming-language"}}, {"model": "taggit.tag", "pk": 44, "fields": {"name": "programming", "slug": "programming"}}, {"model": "taggit.tag", "pk": 45, "fields": {"name": "web app development", "slug": "web-app-development"}}, {"model": "taggit.tag", "pk": 46, "fields": {"name": "programming language", "slug": "programming-language"}}, {"model": "taggit.tag", "pk": 47, "fields": {"name": "backend developer", "slug": "backend-developer"}}, {"model": "taggit.tag", "pk": 48, "fields": {"name": "backend development", "slug": "backend-development"}}, {"model": "taggit.tag", "pk": 49, "fields": {"name": "web app developer", "slug": "web-app-developer"}}, {"model": "taggit.tag", "pk": 50, "fields": {"name": "CMS", "slug": "cms"}}, {"model": "taggit.tag", "pk": 51, "fields": {"name": "Diversity", "slug": "diversity"}}, {"model": "taggit.tag", "pk": 52, "fields": {"name": "FIRST Tech Challenge", "slug": "first-tech-challenge"}}, {"model": "taggit.tag", "pk": 53, "fields": {"name": "portfolio display", "slug": "portfolio-display"}}, {"model": "taggit.tag", "pk": 54, "fields": {"name": "Django project", "slug": "django-project"}}, {"model": "taggit.tag", "pk": 55, "fields": {"name": "Testimonials", "slug": "testimonials"}}, {"model": "taggit.taggeditem", "pk": 1, "fields": {"tag": 1, "content_type": 2, "object_id": 1}}, {"model": "taggit.taggeditem", "pk": 2, "fields": {"tag": 2, "content_type": 2, "object_id": 1}}, {"model": "taggit.taggeditem", "pk": 3, "fields": {"tag": 3, "content_type": 2, "object_id": 1}}, {"model": "taggit.taggeditem", "pk": 4, "fields": {"tag": 4, "content_type": 2, "object_id": 1}}, {"model": "taggit.taggeditem", "pk": 5, "fields": {"tag": 5, "content_type": 2, "object_id": 1}}, {"model": "taggit.taggeditem", "pk": 6, "fields": {"tag": 4, "content_type": 2, "object_id": 2}}, {"model": "taggit.taggeditem", "pk": 7, "fields": {"tag": 6, "content_type": 2, "object_id": 2}}, {"model": "taggit.taggeditem", "pk": 8, "fields": {"tag": 7, "content_type": 2, "object_id": 2}}, {"model": "taggit.taggeditem", "pk": 9, "fields": {"tag": 8, "content_type": 2, "object_id": 2}}, {"model": "taggit.taggeditem", "pk": 10, "fields": {"tag": 9, "content_type": 2, "object_id": 2}}, {"model": "taggit.taggeditem", "pk": 11, "fields": {"tag": 10, "content_type": 2, "object_id": 2}}, {"model": "taggit.taggeditem", "pk": 12, "fields": {"tag": 11, "content_type": 2, "object_id": 3}}, {"model": "taggit.taggeditem", "pk": 13, "fields": {"tag": 12, "content_type": 2, "object_id": 3}}, {"model": "taggit.taggeditem", "pk": 14, "fields": {"tag": 13, "content_type": 2, "object_id": 3}}, {"model": "taggit.taggeditem", "pk": 15, "fields": {"tag": 14, "content_type": 2, "object_id": 3}}, {"model": "taggit.taggeditem", "pk": 16, "fields": {"tag": 11, "content_type": 2, "object_id": 4}}, {"model": "taggit.taggeditem", "pk": 17, "fields": {"tag": 13, "content_type": 2, "object_id": 4}}, {"model": "taggit.taggeditem", "pk": 18, "fields": {"tag": 14, "content_type": 2, "object_id": 4}}, {"model": "taggit.taggeditem", "pk": 19, "fields": {"tag": 15, "content_type": 2, "object_id": 4}}, {"model": "taggit.taggeditem", "pk": 20, "fields": {"tag": 16, "content_type": 2, "object_id": 4}}, {"model": "taggit.taggeditem", "pk": 21, "fields": {"tag": 17, "content_type": 2, "object_id": 5}}, {"model": "taggit.taggeditem", "pk": 22, "fields": {"tag": 18, "content_type": 2, "object_id": 5}}, {"model": "taggit.taggeditem", "pk": 23, "fields": {"tag": 19, "content_type": 2, "object_id": 5}}, {"model": "taggit.taggeditem", "pk": 24, "fields": {"tag": 20, "content_type": 2, "object_id": 5}}, {"model": "taggit.taggeditem", "pk": 25, "fields": {"tag": 21, "content_type": 2, "object_id": 5}}, {"model": "taggit.taggeditem", "pk": 26, "fields": {"tag": 22, "content_type": 2, "object_id": 5}}, {"model": "taggit.taggeditem", "pk": 27, "fields": {"tag": 23, "content_type": 2, "object_id": 5}}, {"model": "taggit.taggeditem", "pk": 28, "fields": {"tag": 24, "content_type": 2, "object_id": 5}}, {"model": "taggit.taggeditem", "pk": 29, "fields": {"tag": 25, "content_type": 2, "object_id": 5}}, {"model": "taggit.taggeditem", "pk": 30, "fields": {"tag": 26, "content_type": 2, "object_id": 5}}, {"model": "taggit.taggeditem", "pk": 31, "fields": {"tag": 8, "content_type": 2, "object_id": 6}}, {"model": "taggit.taggeditem", "pk": 32, "fields": {"tag": 11, "content_type": 2, "object_id": 6}}, {"model": "taggit.taggeditem", "pk": 33, "fields": {"tag": 20, "content_type": 2, "object_id": 6}}, {"model": "taggit.taggeditem", "pk": 34, "fields": {"tag": 23, "content_type": 2, "object_id": 6}}, {"model": "taggit.taggeditem", "pk": 35, "fields": {"tag": 24, "content_type": 2, "object_id": 6}}, {"model": "taggit.taggeditem", "pk": 36, "fields": {"tag": 27, "content_type": 2, "object_id": 6}}, {"model": "taggit.taggeditem", "pk": 37, "fields": {"tag": 28, "content_type": 2, "object_id": 6}}, {"model": "taggit.taggeditem", "pk": 38, "fields": {"tag": 29, "content_type": 2, "object_id": 6}}, {"model": "taggit.taggeditem", "pk": 39, "fields": {"tag": 30, "content_type": 2, "object_id": 6}}, {"model": "taggit.taggeditem", "pk": 40, "fields": {"tag": 18, "content_type": 2, "object_id": 6}}, {"model": "taggit.taggeditem", "pk": 41, "fields": {"tag": 19, "content_type": 2, "object_id": 6}}, {"model": "taggit.taggeditem", "pk": 42, "fields": {"tag": 22, "content_type": 2, "object_id": 6}}, {"model": "taggit.taggeditem", "pk": 43, "fields": {"tag": 32, "content_type": 2, "object_id": 7}}, {"model": "taggit.taggeditem", "pk": 44, "fields": {"tag": 33, "content_type": 2, "object_id": 7}}, {"model": "taggit.taggeditem", "pk": 45, "fields": {"tag": 34, "content_type": 2, "object_id": 7}}, {"model": "taggit.taggeditem", "pk": 46, "fields": {"tag": 35, "content_type": 2, "object_id": 7}}, {"model": "taggit.taggeditem", "pk": 47, "fields": {"tag": 36, "content_type": 2, "object_id": 7}}, {"model": "taggit.taggeditem", "pk": 48, "fields": {"tag": 37, "content_type": 2, "object_id": 7}}, {"model": "taggit.taggeditem", "pk": 49, "fields": {"tag": 13, "content_type": 2, "object_id": 7}}, {"model": "taggit.taggeditem", "pk": 50, "fields": {"tag": 15, "content_type": 2, "object_id": 7}}, {"model": "taggit.taggeditem", "pk": 51, "fields": {"tag": 31, "content_type": 2, "object_id": 7}}, {"model": "taggit.taggeditem", "pk": 52, "fields": {"tag": 32, "content_type": 2, "object_id": 8}}, {"model": "taggit.taggeditem", "pk": 53, "fields": {"tag": 33, "content_type": 2, "object_id": 8}}, {"model": "taggit.taggeditem", "pk": 54, "fields": {"tag": 36, "content_type": 2, "object_id": 8}}, {"model": "taggit.taggeditem", "pk": 55, "fields": {"tag": 37, "content_type": 2, "object_id": 8}}, {"model": "taggit.taggeditem", "pk": 56, "fields": {"tag": 38, "content_type": 2, "object_id": 8}}, {"model": "taggit.taggeditem", "pk": 57, "fields": {"tag": 14, "content_type": 2, "object_id": 8}}, {"model": "taggit.taggeditem", "pk": 58, "fields": {"tag": 39, "content_type": 2, "object_id": 9}}, {"model": "taggit.taggeditem", "pk": 59, "fields": {"tag": 40, "content_type": 2, "object_id": 9}}, {"model": "taggit.taggeditem", "pk": 60, "fields": {"tag": 41, "content_type": 2, "object_id": 9}}, {"model": "taggit.taggeditem", "pk": 61, "fields": {"tag": 18, "content_type": 2, "object_id": 9}}, {"model": "taggit.taggeditem", "pk": 62, "fields": {"tag": 19, "content_type": 2, "object_id": 9}}, {"model": "taggit.taggeditem", "pk": 63, "fields": {"tag": 20, "content_type": 2, "object_id": 9}}, {"model": "taggit.taggeditem", "pk": 64, "fields": {"tag": 22, "content_type": 2, "object_id": 9}}, {"model": "taggit.taggeditem", "pk": 65, "fields": {"tag": 23, "content_type": 2, "object_id": 9}}, {"model": "taggit.taggeditem", "pk": 66, "fields": {"tag": 28, "content_type": 2, "object_id": 9}}, {"model": "taggit.taggeditem", "pk": 67, "fields": {"tag": 30, "content_type": 2, "object_id": 9}}, {"model": "taggit.taggeditem", "pk": 68, "fields": {"tag": 42, "content_type": 2, "object_id": 10}}, {"model": "taggit.taggeditem", "pk": 69, "fields": {"tag": 43, "content_type": 2, "object_id": 10}}, {"model": "taggit.taggeditem", "pk": 70, "fields": {"tag": 11, "content_type": 2, "object_id": 10}}, {"model": "taggit.taggeditem", "pk": 71, "fields": {"tag": 44, "content_type": 2, "object_id": 10}}, {"model": "taggit.taggeditem", "pk": 72, "fields": {"tag": 45, "content_type": 2, "object_id": 10}}, {"model": "taggit.taggeditem", "pk": 73, "fields": {"tag": 46, "content_type": 2, "object_id": 10}}, {"model": "taggit.taggeditem", "pk": 74, "fields": {"tag": 47, "content_type": 2, "object_id": 10}}, {"model": "taggit.taggeditem", "pk": 75, "fields": {"tag": 17, "content_type": 2, "object_id": 10}}, {"model": "taggit.taggeditem", "pk": 76, "fields": {"tag": 48, "content_type": 2, "object_id": 10}}, {"model": "taggit.taggeditem", "pk": 77, "fields": {"tag": 27, "content_type": 2, "object_id": 10}}, {"model": "taggit.taggeditem", "pk": 78, "fields": {"tag": 28, "content_type": 2, "object_id": 10}}, {"model": "taggit.taggeditem", "pk": 79, "fields": {"tag": 30, "content_type": 2, "object_id": 10}}, {"model": "taggit.taggeditem", "pk": 80, "fields": {"tag": 37, "content_type": 2, "object_id": 11}}, {"model": "taggit.taggeditem", "pk": 81, "fields": {"tag": 42, "content_type": 2, "object_id": 11}}, {"model": "taggit.taggeditem", "pk": 82, "fields": {"tag": 45, "content_type": 2, "object_id": 11}}, {"model": "taggit.taggeditem", "pk": 83, "fields": {"tag": 17, "content_type": 2, "object_id": 11}}, {"model": "taggit.taggeditem", "pk": 84, "fields": {"tag": 18, "content_type": 2, "object_id": 11}}, {"model": "taggit.taggeditem", "pk": 85, "fields": {"tag": 19, "content_type": 2, "object_id": 11}}, {"model": "taggit.taggeditem", "pk": 86, "fields": {"tag": 49, "content_type": 2, "object_id": 11}}, {"model": "taggit.taggeditem", "pk": 87, "fields": {"tag": 50, "content_type": 2, "object_id": 11}}, {"model": "taggit.taggeditem", "pk": 88, "fields": {"tag": 22, "content_type": 2, "object_id": 11}}, {"model": "taggit.taggeditem", "pk": 89, "fields": {"tag": 4, "content_type": 2, "object_id": 12}}, {"model": "taggit.taggeditem", "pk": 90, "fields": {"tag": 7, "content_type": 2, "object_id": 12}}, {"model": "taggit.taggeditem", "pk": 91, "fields": {"tag": 10, "content_type": 2, "object_id": 12}}, {"model": "taggit.taggeditem", "pk": 92, "fields": {"tag": 51, "content_type": 2, "object_id": 12}}, {"model": "taggit.taggeditem", "pk": 93, "fields": {"tag": 20, "content_type": 2, "object_id": 12}}, {"model": "taggit.taggeditem", "pk": 94, "fields": {"tag": 52, "content_type": 2, "object_id": 12}}, {"model": "taggit.taggeditem", "pk": 95, "fields": {"tag": 53, "content_type": 2, "object_id": 12}}, {"model": "taggit.taggeditem", "pk": 96, "fields": {"tag": 23, "content_type": 2, "object_id": 12}}, {"model": "taggit.taggeditem", "pk": 97, "fields": {"tag": 54, "content_type": 2, "object_id": 12}}, {"model": "taggit.taggeditem", "pk": 98, "fields": {"tag": 4, "content_type": 2, "object_id": 13}}, {"model": "taggit.taggeditem", "pk": 99, "fields": {"tag": 17, "content_type": 2, "object_id": 13}}, {"model": "taggit.taggeditem", "pk": 100, "fields": {"tag": 49, "content_type": 2, "object_id": 13}}, {"model": "taggit.taggeditem", "pk": 101, "fields": {"tag": 20, "content_type": 2, "object_id": 13}}, {"model": "taggit.taggeditem", "pk": 102, "fields": {"tag": 55, "content_type": 2, "object_id": 13}}, {"model": "freelancer.freelancerformfield", "pk": 1, "fields": {"sort_order": 0, "label": "Name", "field_type": "singleline", "required": true, "choices": "", "default_value": "", "help_text": "What's a good contact name?", "page": 3}}, {"model": "freelancer.freelancerformfield", "pk": 2, "fields": {"sort_order": 1, "label": "Email", "field_type": "email", "required": true, "choices": "", "default_value": "", "help_text": "What's a good contact email?", "page": 3}}, {"model": "freelancer.freelancerformfield", "pk": 3, "fields": {"sort_order": 2, "label": "Subject", "field_type": "dropdown", "required": true, "choices": "Project Proposal, Feedback, Getting In Touch, Other", "default_value": "Project Proposal", "help_text": "", "page": 3}}, {"model": "freelancer.freelancerformfield", "pk": 4, "fields": {"sort_order": 3, "label": "Message", "field_type": "multiline", "required": true, "choices": "", "default_value": "", "help_text": "", "page": 3}}, {"model": "freelancer.freelancerpage", "pk": 3, "fields": {"subtitle": "Fullstack Web App Developer - Django Framework", "profile_image": 1, "portfolio": "[{\"type\": \"portfolio\", \"value\": {\"heading\": \"Scout Online Record Book\", \"image\": 2, \"intro\": \"<p>SORB, the Scout Online Record Book, is an online database system designed to help reduce scout leader&#x27;s stress when managing scout records and it provides a growing abundance of features to help them. Specific functionalities include:</p><ul><li>Badge record storage and management; per CRUD principles</li><li>Data management and privacy; it&#x27;s transferable between groups yet only shared to one</li><li>Individual scout badge progress page</li><li>Group personalised scout progress URL</li><li>Badge report PDF generator</li><li>Easy group contact - of whole group, scouts or just leaders</li><li>Stripe integration</li><li>Simple and easy design</li></ul>\"}, \"id\": \"76af65b8-bf42-4174-8559-3a20213db9a3\"}, {\"type\": \"portfolio\", \"value\": {\"heading\": \"Diversity-First\", \"image\": 12, \"intro\": \"<p>A local team&#x27;s project on increasing diversity within FIRST Tech Challenge (robotics) teams. Functionalities include:</p><ul><li>PDF template generator</li><li>Team group image database manager (as per CRUD principles)</li><li>Automatically updating image carousel, as per user upload</li><li>AWS image storage</li><li>Simple one page design</li><li>Dynamic interface</li></ul>\"}, \"id\": \"5f6d6595-4db5-42b4-8a2c-3788de4db5c6\"}, {\"type\": \"portfolio\", \"value\": {\"heading\": \"Testimonials\", \"image\": 13, \"intro\": \"<h2><b>&quot;Felix is fabulously skillful. He&#x27;s pretty great.&quot;</b></h2><h4><b><i>(Khushi, FTC Team BEAST 12990)</i></b></h4><p></p><hr/><p></p>\"}, \"id\": \"1ad16fb0-ec4d-4292-b0db-02dbcd3633b8\"}]", "about_text": "<p>Hey there! I know that there are more problems out there than solutions and I want to help those with a solution to grow their impact. To connect with more people. To solve more problems.<br/> By using an extremely powerful programming tool used by: Pinterest, Instagram, NASA, I can help bring ideas to reality faster, simpler and with more impact. So if you happen to be thinking of an idea, shoot me an email and let&#x27;s make dreams reality.</p>", "about_CTA_text": "Felix Hall", "about_CTA_link": "", "programming_tools": "[{\"type\": \"programming_tools\", \"value\": {\"logo\": 3}, \"id\": \"ad009cab-ce92-41e0-838f-0fe430bc2a70\"}, {\"type\": \"programming_tools\", \"value\": {\"logo\": 4}, \"id\": \"e245edf4-0425-4096-99ed-598eed6a6e1f\"}, {\"type\": \"programming_tools\", \"value\": {\"logo\": 5}, \"id\": \"bf1559d1-118c-4ee1-85e3-0b629d200f51\"}, {\"type\": \"programming_tools\", \"value\": {\"logo\": 6}, \"id\": \"57f24a73-fb97-4dfe-b5b4-fb095ec307b6\"}, {\"type\": \"programming_tools\", \"value\": {\"logo\": 7}, \"id\": \"51c5b1d2-af41-459a-8790-11e7b223a8ae\"}, {\"type\": \"programming_tools\", \"value\": {\"logo\": 8}, \"id\": \"127ff7ad-ea56-4dea-94dd-094786cea071\"}, {\"type\": \"programming_tools\", \"value\": {\"logo\": 9}, \"id\": \"4bc8f1da-73cc-4a83-a1d0-829149b19e44\"}, {\"type\": \"programming_tools\", \"value\": {\"logo\": 10}, \"id\": \"dbde6451-3edd-441f-96d0-8046a028e187\"}, {\"type\": \"programming_tools\", \"value\": {\"logo\": 11}, \"id\": \"e1d41c89-8076-4c39-bd63-c6559620f573\"}]"}}]